Workbook

Sheet generalEntidad1
A1: Entidad | B1: Local | C1: premium | D1: international | E1: larga distancia intra | F1: larga distancia inter | G1: total llamadas | H1: minutos a cobrar | I1: cobro total
A2: Entidad1 | B2: 7 | C2: 4 | D2: 5 | E2: 2 | F2: 1 | G2: =SUM(B2:F2) -> 19 | H2: 80 | I2: 31.55

Sheet generalEntidad11
A1: Llamada | B1: total llamadas | C1: minutos a cobrar | D1: valor minuto | E1: cobro total
A2: Local | B2: 7 | C2: 30 | D2: 0.25 | E2: =C2*D2 -> 7.5
A3: premium | B3: 4 | C3: 15 | D3: 0.5 | E3: =C3*D3 -> 7.5
A4: international | B4: 5 | C4: 22 | D4: 0.5 | E4: =C4*D4 -> 11
A5: larga distancia nacional | B5: 2 | C5: 9 | D5: 0.35 | E5: =C5*D5 -> 3.15
A6: larga distancia internacional | B6: 1 | C6: 4 | D6: 0.6 | E6: =C6*D6 -> 2.4

Sheet generalEntidad2
A1: Entidad | B1: Local | C1: premium | D1: international | E1: larga distancia intra | F1: larga distancia inter | G1: total llamadas | H1: minutos a cobrar | I1: cobro total
A2: Entidad2 | B2: 8 | C2: 2 | D2: 4 | E2: 1 | F2: 1 | G2: =SUM(B2:F2) -> 16 | H2: 100 | I2: 39.05

Sheet generalEntidad22
A1: Llamada | B1: total llamadas | C1: minutos a cobrar | D1: valor minuto | E1: cobro total
A2: Local | B2: 8 | C2: 45 | D2: 0.25 | E2: =C2*D2 -> 11.25
A3: premium | B3: 2 | C3: 16 | D3: 0.5 | E3: =C3*D3 -> 8
A4: international | B4: 4 | C4: 21 | D4: 0.5 | E4: =C4*D4 -> 10.5
A5: larga distancia nacional | B5: 1 | C5: 6 | D5: 0.35 | E5: =C5*D5 -> 2.1
A6: larga distancia internacional | B6: 1 | C6: 12 | D6: 0.6 | E6: =C6*D6 -> 7.2

Sheet adminGeneralReporte
A1: Entidad | B1: Local | C1: Premiun | D1: Internacional | E1: Larga distancia nacional | F1: Larga distancia internacional | G1: total llamadas | H1: minutos a cobrar | I1: cobro total | J1: Fecha tarifa vigente | K1: Activa tarifa | L1: Tarifa
A2: Entidad1 | B2: =generalEntidad11!B2 -> 7 | C2: =generalEntidad11!B3 -> 4 | D2: =generalEntidad11!B4 -> 5 | E2: =generalEntidad11!B5 -> 2 | F2: =generalEntidad11!B6 -> 1 | G2: =adminGeneralReporte!B2+adminGeneralReporte!C2+adminGeneralReporte!D2+adminGeneralReporte!E2+adminGeneralReporte!F2 -> 19 | H2: =generalEntidad11!C2+generalEntidad11!C3+generalEntidad11!C4+generalEntidad11!C5+generalEntidad11!C6 -> 80 | I2: =generalEntidad11!E2+generalEntidad11!E3+generalEntidad11!E4+generalEntidad11!E5+generalEntidad11!E6 -> 31.55 | J2: 25/05/2025T14:52:00 | K2: Si | L2: local0,25
A3: Entidad2 | B3: =generalEntidad22!B2 -> 8 | C3: =generalEntidad22!$B3 -> 2 | D3: =generalEntidad22!B4 -> 4 | E3: =generalEntidad22!B5 -> 1 | F3: =generalEntidad22!B6 -> 1 | G3: =SUM(B3:F3) -> 16 | H3: =SUM(generalEntidad22!C2:C6) -> 100 | I3: =SUM(generalEntidad22!E2:E6) -> 39.05 | J3: 25/05/2025T14:52:01 | K3: Si | L3: local0,26

Sheet sede1
A1: Llamada | B1: tipo de llamada | C1: clase de llamada | D1: fecha inicio | E1: fecha final | F1: total minutos | G1: minutos a cobrar | H1: valor minuto | I1: cobro total
A2: Local | B2: contestada | C2: saliente | D2: 2025-04-14T15:28:13.342 | E2: 2025-04-14T15:36:23.744 | F2: 0.0056712963 | G2: 9 | H2: 0.25 | I2: =G2*H2 -> 2.25
A3: premium | B3: contestada | C3: entrante | D3: 2025-02-01T15:28:13.744 | E3: 2025-01-19T15:30:43.745 | F3: 0.0017592593 | G3: 3 | H3: 0.5 | I3: =G3*H3 -> 1.5
A4: international | B4: contestada | C4: entrante | D4: 2025-02-01T15:28:13.744 | E4: 2025-02-01T15:33:47.745 | F4: 0.0038657407 | G4: 6 | H4: 0.5 | I4: =G4*H4 -> 3
A5: larga distancia nacional | B5: contestada | C5: saliente | D5: 2025-02-103T15:28:13.745 | E5: 2025-04-14T15:33:52.747 | F5: 0.0039236111 | G5: 6 | H5: 0.35 | I5: =G5*H5 -> 2.1
A6: larga distancia internacional | B6: contestada | C6: saliente | D6: 2025-02-17T15:28:13.459 | E6: 2025-04-14T15:32:05.748 | F6: 0.0026851852 | G6: 4 | H6: 0.5 | I6: =G6*H6 -> 2
A7: premium | B7: contestada | C7: entrante | D7: 2025-02-09T15:28:13.747 | E7: 2025-04-14T15:33:43.749 | F7: 0.0045138889 | G7: 7 | H7: 0.5 | I7: =G7*H7 -> 3.5
A8: Local | B8: rechazada | C8: entrante | D8: 2025-04-14T15:28:13.748 | E8: 2025-04-14T15:28:23.750 | F8: 0 | G8: 0 | H8: 0.25 | I8: =G8*H8 -> 0
A9: Local | B9: contestada | C9: salientes | D9: 2025-04-14T15:28:13.749 | E9: 2025-04-14T15:32:53.751 | F9: 0.0032407407 | G9: 5 | H9: 0.25 | I9: =G9*H9 -> 1.25
A10: larga distancia nacional | B10: contestada | C10: entrante | D10: 2025-04-14T15:28:13.750 | E10: 2025-04-14T15:30:40.752 | F10: 0.0017013889 | G10: 3 | H10: 0.35 | I10: =G10*H10 -> 1.05
A11: Local | B11: contestada | C11: entrante | D11: 2025-03-14T15:28:13.751 | E11: 2025-04-14T15:33:23.753 | F11: 0.003587963 | G11: 6 | H11: 0.25 | I11: =G11*H11 -> 1.5
A12: Local | B12: rechazada | C12: saliente | D12: 2025-03-14T15:28:13.752 | E12: 2025-04-14T15:28:24.754 | F12: 0 | G12: 0 | H12: 0.25 | I12: =G12*H12 -> 0
A13: international | B13: contestada | C13: saliente | D13: 2025-04-14T15:28:13.753 | E13: 2025-04-14T15:34:51.755 | F13: 0.0046064815 | G13: 7 | H13: 0.25 | I13: =G13*H13 -> 1.75
... A20: international | B20: rechazada | C20: salientes | D20: 2025-04-14T16:17:13.760 | E20: 2025-04-14T16:23:53.762 | F20: 0 | G20: 0 | H20: 0.5 | I20: =G20*H20 -> 0

Sheet sede2
A1: Llamada | B1: tipo de llamada | C1: clase de llamada | D1: fecha inicio | E1: fecha final | F1: total minutos | G1: minutos a cobrar | H1: valor minuto | I1: cobro total
A2: Local | B2: rechazada | C2: saliente | D2: 2025-04-14T15:28:13.744 | E2: 2025-04-14T15:38:13.744 | F2: 0.0069444444 | G2: 10 | H2: 0.25 | I2: =G2*H2 -> 2.5
A3: premium | B3: contestada | C3: entrante | D3: 2025-04-14T15:15:13.745 | E3: 2025-04-14T15:24:43.745 | F3: 0.0065972222 | G3: 10 | H3: 0.5 | I3: =G3*H3 -> 5
A4: international | B4: contestada | C4: entrante | D4: 2025-04-14T15:00:13.746 | E4: 2025-04-14T15:08:20.746 | F4: 0.005787037 | G4: 9 | H4: 0.5 | I4: =G4*H4 -> 4.5
A5: larga distancia nacional | B5: contestada | C5: saliente | D5: 2025-04-14T15:28:13.747 | E5: 2025-04-14T15:34:13.747 | F5: 0.0041666667 | G5: 6 | H5: 0.35 | I5: =G5*H5 -> 2.1
A6: larga distancia internacional | B6: contestada | C6: saliente | D6: 2025-04-14T15:28:13.748 | E6: 2025-04-14T15:40:13.748 | F6: 0.0083333333 | G6: 12 | H6: 0.6 | I6: =G6*H6 -> 7.2
A7: premium | B7: contestada | C7: entrante | D7: 2025-04-14T15:28:13.749 | E7: 2025-04-14T15:34:43.749 | F7: 0.0045138889 | G7: 7 | H7: 0.5 | I7: =G7*H7 -> 3.5
A8: Local | B8: rechazada | C8: entrante | D8: 2025-04-14T15:28:13.750 | E8: 2025-04-14T15:29:00.750 | F8: 0 | G8: 0 | H8: 0.25 | I8: =G8*H8 -> 0
A9: Local | B9: rechazada | C9: salientes | D9: 2025-04-14T15:28:13.751 | E9: 2025-04-14T15:29:10.751 | F9: 0 | G9: 0 | H9: 0.25 | I9: =G9*H9 -> 0
A10: Local | B10: contestada | C10: entrante | D10: 2025-04-14T15:28:13.752 | E10: 2025-04-14T15:48:13.752 | F10: 0.013888889 | G10: 20 | H10: 0.25 | I10: =G10*H10 -> 5
A11: Local | B11: rechazada | C11: saliente | D11: 2025-04-14T15:28:13.753 | E11: 2025-04-14T15:29:00.753 | F11: 0 | G11: 0 | H11: 0.25 | I11: =G11*H11 -> 0
A12: international | B12: contestada | C12: saliente | D12: 2025-04-14T15:28:13.754 | E12: 2025-04-14T15:34:33.754 | F12: 0.0050925926 | G12: 8 | H12: 0.5 | I12: =G12*H12 -> 4
A13: Local | B13: contestada | C13: entrante | D13: 2025-04-14T15:04:13.755 | E13: 2025-04-14T15:08:43.755 | F13: 0.003125 | G13: 5 | H13: 0.25 | I13: =G13*H13 -> 1.25
... A17: Local | B17: contestada | C17: salientes | D17: 2025-04-14T15:08:13.759 | E17: 2025-04-14T15:13:43.759 | F17: 0.0038194444 | G17: 6 | H17: 0.25 | I17: =G17*H17 -> 1.5
A22: Local
